{
  "meta": {
    "data_version": "1.0.0",
    "created": "2020-07-16",
    "revision": 1
  },
  "info": {
    "balls_per_over": 6,
    "city": "Kimberley",
    "dates": [
      "2018-05-09"
    ],
    "event": {
      "name": "Bangladesh Women tour of South Africa",
      "match_number": 3
    },
    "gender": "female",
    "match_type": "ODI",
    "match_type_number": 1112,
    "missing": [
      {
        "powerplays": {
          "1": [
            "batting"
          ],
          "2": [
            "batting"
          ]
        }
      },
      "reviews"
    ],
    "officials": {
      "match_referees": [
        "GH Pienaar"
      ],
      "reserve_umpires": [
        "BP Jele"
      ],
      "umpires": [
        "AT Holdstock",
        "S George"
      ]
    },
    "outcome": {
      "winner": "South Africa",
      "by": {
        "wickets": 9
      }
    },
    "overs": 50,
    "player_of_match": [
      "L Lee"
    ],
    "players": {
      "Bangladesh": [
        "Sanjida Islam",
        "Sharmin Sultana",
        "Fargana Hoque",
        "Rumana Ahmed",
        "Nigar Sultana",
        "Fahima Khatun",
        "Jannatul Ferdus",
        "Panna Ghosh",
        "Jahanara Alam",
        "Nahida Akter",
        "Khadija Tul Kubra"
      ],
      "South Africa": [
        "L Lee",
        "A Steyn",
        "T Chetty",
        "CL Tryon",
        "M Klaas",
        "A Khaka",
        "M Kapp",
        "D van Niekerk",
        "M du Preez",
        "R Ntozakhe",
        "Z Mali"
      ]
    },
    "registry": {
      "people": {
        "A Khaka": "0d518f89",
        "A Steyn": "14baca9f",
        "AT Holdstock": "6fa3258c",
        "BP Jele": "7bb1331e",
        "CL Tryon": "4d4605e6",
        "D van Niekerk": "8c5775f3",
        "Fahima Khatun": "558cdd64",
        "Fargana Hoque": "6e96c956",
        "GH Pienaar": "3516e46b",
        "Jahanara Alam": "752183c1",
        "Jannatul Ferdus": "fa948618",
        "Khadija Tul Kubra": "bec997fc",
        "L Lee": "7b01ce83",
        "M Kapp": "63e3b6b3",
        "M Klaas": "ce85fcaf",
        "M du Preez": "e219f17a",
        "Nahida Akter": "66078174",
        "Nigar Sultana": "3827f6a2",
        "Panna Ghosh": "005f0561",
        "R Ntozakhe": "94b30fa5",
        "Rumana Ahmed": "a92763ea",
        "S George": "6d9e5a54",
        "Sanjida Islam": "12755a62",
        "Sharmin Sultana": "4e017436",
        "T Chetty": "53a5767d",
        "Z Mali": "f0b16e64"
      }
    },
    "season": "2018",
    "team_type": "international",
    "teams": [
      "Bangladesh",
      "South Africa"
    ],
    "toss": {
      "decision": "field",
      "winner": "South Africa"
    },
    "venue": "Diamond Oval"
  },
  "innings": [
    {
      "team": "Bangladesh",
      "overs": [
        {
          "over": 0,
          "deliveries": [
            {
              "batter": "Sanjida Islam",
              "bowler": "M Kapp",
              "non_striker": "Sharmin Sultana",
              "runs": {
                "batter": 0,
                "extras": 0,
                "total": 0
              }
            },
            {
              "batter": "Sanjida Islam",
              "bowler": "M Kapp",
              "non_striker": "Sharmin Sultana",
              "runs": {
                "batter": 1,
                "extras": 0,
                "total": 1
              }
            },
            {
              "batter": "Sharmin Sultana",
              "bowler": "M Kapp",
              "non_striker": "Sanjida Islam",
              "runs": {
                "batter": 0,
                "extras": 0,
                "total": 0
              }
            },
            {
              "batter": "Sharmin Sultana",
              "bowler": "M Kapp",
              "non_striker": "Sanjida Islam",
              "runs": {
                "batter": 1,
                "extras": 0,
                "total": 1
              }
            },
            {
              "batter": "Sanjida Islam",
              "bowler": "M Kapp",
              "non_striker": "Sharmin Sultana",
              "runs": {
                "batter": 0,
                "extras": 0,
                "total": 0
              }
            },
            {
              "batter": "Sanjida Islam",
              "bowler": "M Kapp",
              "non_striker": "Sharmin Sultana",
              "runs": {
                "batter": 0,
                "extras": 0,
                "total": 0
              }
            }
          ]
        },
        {
          "over": 1,
          "deliveries": [
            {
              "batter": "Sharmin Sultana",
              "bowler": "A Khaka",
              "non_striker": "Sanjida Islam",
              "runs": {
                "batter": 0,
                "extras": 0,
                "total": 0
              }
            },
            {
              "batter": "Sharmin Sultana",
              "bowler": "A Khaka",
              "non_striker": "Sanjida Islam",
              "runs": {
                "batter": 2,
                "extras": 0,
                "total": 2
              }
            },
            {
              "batter": "Sharmin Sultana",
              "bowler": "A Khaka",
              "non_striker": "Sanjida Islam",
              "runs": {
                "batter": 0,
                "extras": 0,
                "total": 0
              }
            },
            {
              "batter": "Sharmin Sultana",
              "bowler": "A Khaka",
              "non_striker": "Sanjida Islam",
              "runs": {
                "batter": 0,
                "extras": 0,
                "total": 0
              }
            },
            {
              "batter": "Sharmin Sultana",
              "bowler": "A Khaka",
              "non_striker": "Sanjida Islam",
              "runs": {
                "batter": 0,
                "extras": 0,
                "total": 0
              }
            },
            {
              "batter": "Sharmin Sultana",
              "bowler": "A Khaka",
              "non_striker": "Sanjida Islam",
              "runs": {
                "batter": 0,
                "extras": 0,
                "total": 0
              }
            }
          ]
        },
        {
          "over": 2,
          "deliveries": [
            {
              "batter": "Sanjida Islam",
              "bowler": "M Kapp",
              "non_striker": "Sharmin Sultana",
              "runs": {
                "batter": 0,
                "extras": 0,
                "total": 0
              },
              "wickets": [
                {
                  "player_out": "Sanjida Islam",
                  "fielders": [
                    {
                      "name": "T Chetty"
                    }
                  ],
                  "kind": "caught"
                }
              ]
            },
            {
              "batter": "Fargana Hoque",
              "bowler": "M Kapp",
              "non_striker": "Sharmin Sultana",
              "runs": {
                "batter": 0,
                "extras": 0,
                "total": 0
              }
            },
            {
              "batter": "Fargana Hoque",
              "bowler": "M Kapp",
              "non_striker": "Sharmin Sultana",
              "runs": {
                "batter": 0,
                "extras": 0,
                "total": 0
              }
            },
            {
              "batter": "Fargana Hoque",
              "bowler": "M Kapp",
              "non_striker": "Sharmin Sultana",
              "runs": {
                "batter": 0,
                "extras": 0,
                "total": 0
              }
            },
            {
              "batter": "Fargana Hoque",
              "bowler": "M Kapp",
              "non_striker": "Sharmin Sultana",
              "runs": {
                "batter": 0,
                "extras": 0,
                "total": 0
              },
              "wickets": [
                {
                  "player_out": "Fargana Hoque",
                  "fielders": [
                    {
                      "name": "T Chetty"
                    }
                  ],
                  "kind": "stumped"
                }
              ]
            },
            {
              "batter": "Rumana Ahmed",
              "bowler": "M Kapp",
              "non_striker": "Sharmin Sultana",
              "runs": {
                "batter": 1,
                "extras": 0,
                "total": 1
              }
            }
          ]
        },
        {
          "over": 3,
          "deliveries": [
            {
              "batter": "Rumana Ahmed",
              "bowler": "A Khaka",
              "non_striker": "Sharmin Sultana",
              "runs": {
                "batter": 0,
                "extras": 0,
                "total": 0
              }
            },
            {
              "batter": "Rumana Ahmed",
              "bowler": "A Khaka",
              "non_striker": "Sharmin Sultana",
              "runs": {
                "batter": 0,
                "extras": 0,
                "total": 0
              },
              "wickets": [
                {
                  "player_out": "Rumana Ahmed",
                  "fielders": [
                    {
                      "name": "T Chetty"
                    }
                  ],
                  "kind": "caught"
                }
              ]
            },
            {
              "batter": "Nigar Sultana",
              "bowler": "A Khaka",
              "non_striker": "Sharmin Sultana",
              "runs": {
                "batter": 1,
                "extras": 0,
                "total": 1
              }
            },
            {
              "batter": "Sharmin Sultana",
              "bowler": "A Khaka",
              "non_striker": "Nigar Sultana",
              "runs": {
                "batter": 0,
                "extras": 0,
                "total": 0
              },
              "wickets": [
                {
                  "player_out": "Sharmin Sultana",
                  "fielders": [
                    {
                      "name": "L Lee"
                    }
                  ],
                  "kind": "caught"
                }
              ]
            },
            {
              "batter": "Fahima Khatun",
              "bowler": "A Khaka",
              "non_striker": "Nigar Sultana",
              "runs": {
                "batter": 0,
                "extras": 0,
                "total": 0
              }
            },
            {
              "batter": "Fahima Khatun",
              "bowler": "A Khaka",
              "non_striker": "Nigar Sultana",
              "runs": {
                "batter": 1,
                "extras": 0,
                "total": 1
              }
            }
          ]
        },
        {
          "over": 4,
          "deliveries": [
            {
              "batter": "Fahima Khatun",
              "bowler": "M Kapp",
              "non_striker": "Nigar Sultana",
              "runs": {
                "batter": 0,
                "extras": 0,
                "total": 0
              }
            },
            {
              "batter": "Fahima Khatun",
              "bowler": "M Kapp",
              "non_striker": "Nigar Sultana",
              "runs": {
                "batter": 0,
                "extras": 0,
                "total": 0
              }
            },
            {
              "batter": "Fahima Khatun",
              "bowler": "M Kapp",
              "non_striker": "Nigar Sultana",
              "runs": {
                "batter": 0,
                "extras": 0,
                "total": 0
              }
            },
            {
              "batter": "Fahima Khatun",
              "bowler": "M Kapp",
              "non_striker": "Nigar Sultana",
              "runs": {
                "batter": 0,
                "extras": 0,
                "total": 0
              }
            },
            {
              "batter": "Fahima Khatun",
              "bowler": "M Kapp",
              "non_striker": "Nigar Sultana",
              "runs": {
                "batter": 0,
                "extras": 0,
                "total": 0
              }
            },
            {
              "batter": "Fahima Khatun",
              "bowler": "M Kapp",
              "non_striker": "Nigar Sultana",
              "runs": {
                "batter": 1,
                "extras": 0,
                "total": 1
              }
            }
          ]
        },
        {
          "over": 5,
          "deliveries": [
            {
              "batter": "Fahima Khatun",
              "bowler": "A Khaka",
              "non_striker": "Nigar Sultana",
              "runs": {
                "batter": 1,
                "extras": 0,
                "total": 1
              }
            },
            {
              "batter": "Nigar Sultana",
              "bowler": "A Khaka",
              "non_striker": "Fahima Khatun",
              "runs": {
                "batter": 0,
                "extras": 0,
                "total": 0
              }
            },
            {
              "batter": "Nigar Sultana",
              "bowler": "A Khaka",
              "non_striker": "Fahima Khatun",
              "runs": {
                "batter": 0,
                "extras": 0,
                "total": 0
              }
            },
            {
              "batter": "Nigar Sultana",
              "bowler": "A Khaka",
              "non_striker": "Fahima Khatun",
              "runs": {
                "batter": 0,
                "extras": 0,
                "total": 0
              }
            },
            {
              "batter": "Nigar Sultana",
              "bowler": "A Khaka",
              "non_striker": "Fahima Khatun",
              "runs": {
                "batter": 0,
                "extras": 0,
                "total": 0
              }
            },
            {
              "batter": "Nigar Sultana",
              "bowler": "A Khaka",
              "non_striker": "Fahima Khatun",
              "runs": {
                "batter": 0,
                "extras": 0,
                "total": 0
              }
            }
          ]
        },
        {
          "over": 6,
          "deliveries": [
            {
              "batter": "Fahima Khatun",
              "bowler": "M Kapp",
              "non_striker": "Nigar Sultana",
              "runs": {
                "batter": 0,
                "extras": 0,
                "total": 0
              }
            },
            {
              "batter": "Fahima Khatun",
              "bowler": "M Kapp",
              "non_striker": "Nigar Sultana",
              "runs": {
                "batter": 0,
                "extras": 0,
                "total": 0
              }
            },
            {
              "batter": "Fahima Khatun",
              "bowler": "M Kapp",
              "non_striker": "Nigar Sultana",
              "runs": {
                "batter": 0,
                "extras": 0,
                "total": 0
              }
            },
            {
              "batter": "Fahima Khatun",
              "bowler": "M Kapp",
              "non_striker": "Nigar Sultana",
              "runs": {
                "batter": 1,
                "extras": 0,
                "total": 1
              }
            },
            {
              "batter": "Nigar Sultana",
              "bowler": "M Kapp",
              "non_striker": "Fahima Khatun",
              "runs": {
                "batter": 0,
                "extras": 0,
                "total": 0
              }
            },
            {
              "batter": "Nigar Sultana",
              "bowler": "M Kapp",
              "non_striker": "Fahima Khatun",
              "runs": {
                "batter": 1,
                "extras": 0,
                "total": 1
              }
            }
          ]
        },
        {
          "over": 7,
          "deliveries": [
            {
              "batter": "Nigar Sultana",
              "bowler": "A Khaka",
              "non_striker": "Fahima Khatun",
              "runs": {
                "batter": 0,
                "extras": 0,
                "total": 0
              }
            },
            {
              "batter": "Nigar Sultana",
              "bowler": "A Khaka",
              "non_striker": "Fahima Khatun",
              "runs": {
                "batter": 0,
                "extras": 0,
                "total": 0
              }
            },
            {
              "batter": "Nigar Sultana",
              "bowler": "A Khaka",
              "non_striker": "Fahima Khatun",
              "runs": {
                "batter": 0,
                "extras": 0,
                "total": 0
              }
            },
            {
              "batter": "Nigar Sultana",
              "bowler": "A Khaka",
              "non_striker": "Fahima Khatun",
              "runs": {
                "batter": 0,
                "extras": 0,
                "total": 0
              }
            },
            {
              "batter": "Nigar Sultana",
              "bowler": "A Khaka",
              "non_striker": "Fahima Khatun",
              "runs": {
                "batter": 0,
                "extras": 0,
                "total": 0
              }
            },
            {
              "batter": "Nigar Sultana",
              "bowler": "A Khaka",
              "non_striker": "Fahima Khatun",
              "runs": {
                "batter": 0,
                "extras": 0,
                "total": 0
              }
            }
          ]
        },
        {
          "over": 8,
          "deliveries": [
            {
              "batter": "Fahima Khatun",
              "bowler": "M Kapp",
              "non_striker": "Nigar Sultana",
              "runs": {
                "batter": 1,
                "extras": 0,
                "total": 1
              }
            },
            {
              "batter": "Nigar Sultana",
              "bowler": "M Kapp",
              "non_striker": "Fahima Khatun",
              "runs": {
                "batter": 0,
                "extras": 0,
                "total": 0
              }
            },
            {
              "batter": "Nigar Sultana",
              "bowler": "M Kapp",
              "non_striker": "Fahima Khatun",
              "runs": {
                "batter": 0,
                "extras": 0,
                "total": 0
              }
            },
            {
              "batter": "Nigar Sultana",
              "bowler": "M Kapp",
              "non_striker": "Fahima Khatun",
              "runs": {
                "batter": 0,
                "extras": 0,
                "total": 0
              }
            },
            {
              "batter": "Nigar Sultana",
              "bowler": "M Kapp",
              "non_striker": "Fahima Khatun",
              "runs": {
                "batter": 1,
                "extras": 0,
                "total": 1
              }
            },
            {
              "batter": "Fahima Khatun",
              "bowler": "M Kapp",
              "non_striker": "Nigar Sultana",
              "runs": {
                "batter": 0,
                "extras": 0,
                "total": 0
              }
            }
          ]
        },
        {
          "over": 9,
          "deliveries": [
            {
              "batter": "Nigar Sultana",
              "bowler": "A Khaka",
              "non_striker": "Fahima Khatun",
              "runs": {
                "batter": 0,
                "extras": 0,
                "total": 0
              }
            },
            {
              "batter": "Nigar Sultana",
              "bowler": "A Khaka",
              "non_striker": "Fahima Khatun",
              "runs": {
                "batter": 0,
                "extras": 0,
                "total": 0
              }
            },
            {
              "batter": "Nigar Sultana",
              "bowler": "A Khaka",
              "non_striker": "Fahima Khatun",
              "runs": {
                "batter": 0,
                "extras": 0,
                "total": 0
              }
            },
            {
              "batter": "Nigar Sultana",
              "bowler": "A Khaka",
              "non_striker": "Fahima Khatun",
              "runs": {
                "batter": 0,
                "extras": 0,
                "total": 0
              }
            },
            {
              "batter": "Nigar Sultana",
              "bowler": "A Khaka",
              "non_striker": "Fahima Khatun",
              "runs": {
                "batter": 4,
                "extras": 0,
                "total": 4
              }
            },
            {
              "batter": "Nigar Sultana",
              "bowler": "A Khaka",
              "non_striker": "Fahima Khatun",
              "runs": {
                "batter": 0,
                "extras": 0,
                "total": 0
              }
            }
          ]
        },
        {
          "over": 10,
          "deliveries": [
            {
              "batter": "Fahima Khatun",
              "bowler": "M Kapp",
              "non_striker": "Nigar Sultana",
              "runs": {
                "batter": 2,
                "extras": 0,
                "total": 2
              }
            },
            {
              "batter": "Fahima Khatun",
              "bowler": "M Kapp",
              "non_striker": "Nigar Sultana",
              "runs": {
                "batter": 0,
                "extras": 0,
                "total": 0
              }
            },
            {
              "batter": "Fahima Khatun",
              "bowler": "M Kapp",
              "non_striker": "Nigar Sultana",
              "runs": {
                "batter": 0,
                "extras": 0,
                "total": 0
              }
            },
            {
              "batter": "Fahima Khatun",
              "bowler": "M Kapp",
              "non_striker": "Nigar Sultana",
              "runs": {
                "batter": 0,
                "extras": 0,
                "total": 0
              }
            },
            {
              "batter": "Fahima Khatun",
              "bowler": "M Kapp",
              "non_striker": "Nigar Sultana",
              "runs": {
                "batter": 1,
                "extras": 0,
                "total": 1
              }
            },
            {
              "batter": "Nigar Sultana",
              "bowler": "M Kapp",
              "non_striker": "Fahima Khatun",
              "runs": {
                "batter": 1,
                "extras": 0,
                "total": 1
              }
            }
          ]
        },
        {
          "over": 11,
          "deliveries": [
            {
              "batter": "Nigar Sultana",
              "bowler": "M Klaas",
              "non_striker": "Fahima Khatun",
              "runs": {
                "batter": 0,
                "extras": 0,
                "total": 0
              }
            },
            {
              "batter": "Nigar Sultana",
              "bowler": "M Klaas",
              "non_striker": "Fahima Khatun",
              "runs": {
                "batter": 0,
                "extras": 0,
                "total": 0
              }
            },
            {
              "batter": "Nigar Sultana",
              "bowler": "M Klaas",
              "non_striker": "Fahima Khatun",
              "runs": {
                "batter": 0,
                "extras": 0,
                "total": 0
              }
            },
            {
              "batter": "Nigar Sultana",
              "bowler": "M Klaas",
              "non_striker": "Fahima Khatun",
              "runs": {
                "batter": 0,
                "extras": 0,
                "total": 0
              }
            },
            {
              "batter": "Nigar Sultana",
              "bowler": "M Klaas",
              "non_striker": "Fahima Khatun",
              "runs": {
                "batter": 2,
                "extras": 0,
                "total": 2
              }
            },
            {
              "batter": "Nigar Sultana",
              "bowler": "M Klaas",
              "non_striker": "Fahima Khatun",
              "runs": {
                "batter": 0,
                "extras": 0,
                "total": 0
              }
            }
          ]
        },
        {
          "over": 12,
          "deliveries": [
            {
              "batter": "Fahima Khatun",
              "bowler": "M Kapp",
              "non_striker": "Nigar Sultana",
              "runs": {
                "batter": 0,
                "extras": 0,
                "total": 0
              }
            },
            {
              "batter": "Fahima Khatun",
              "bowler": "M Kapp",
              "non_striker": "Nigar Sultana",
              "runs": {
                "batter": 0,
                "extras": 0,
                "total": 0
              }
            },
            {
              "batter": "Fahima Khatun",
              "bowler": "M Kapp",
              "non_striker": "Nigar Sultana",
              "runs": {
                "batter": 1,
                "extras": 0,
                "total": 1
              }
            },
            {
              "batter": "Nigar Sultana",
              "bowler": "M Kapp",
              "non_striker": "Fahima Khatun",
              "runs": {
                "batter": 0,
                "extras": 0,
                "total": 0
              }
            },
            {
              "batter": "Nigar Sultana",
              "bowler": "M Kapp",
              "extras": {
                "wides": 1
              },
              "non_striker": "Fahima Khatun",
              "runs": {
                "batter": 0,
                "extras": 1,
                "total": 1
              }
            },
            {
              "batter": "Nigar Sultana",
              "bowler": "M Kapp",
              "non_striker": "Fahima Khatun",
              "runs": {
                "batter": 0,
                "extras": 0,
                "total": 0
              }
            },
            {
              "batter": "Nigar Sultana",
              "bowler": "M Kapp",
              "non_striker": "Fahima Khatun",
              "runs": {
                "batter": 0,
                "extras": 0,
                "total": 0
              }
            }
          ]
        },
        {
          "over": 13,
          "deliveries": [
            {
              "batter": "Fahima Khatun",
              "bowler": "M Klaas",
              "non_striker": "Nigar Sultana",
              "runs": {
                "batter": 0,
                "extras": 0,
                "total": 0
              }
            },
            {
              "batter": "Fahima Khatun",
              "bowler": "M Klaas",
              "non_striker": "Nigar Sultana",
              "runs": {
                "batter": 0,
                "extras": 0,
                "total": 0
              },
              "wickets": [
                {
                  "player_out": "Fahima Khatun",
                  "kind": "caught and bowled"
                }
              ]
            },
            {
              "batter": "Jannatul Ferdus",
              "bowler": "M Klaas",
              "non_striker": "Nigar Sultana",
              "runs": {
                "batter": 0,
                "extras": 0,
                "total": 0
              }
            },
            {
              "batter": "Jannatul Ferdus",
              "bowler": "M Klaas",
              "non_striker": "Nigar Sultana",
              "runs": {
                "batter": 0,
                "extras": 0,
                "total": 0
              }
            },
            {
              "batter": "Jannatul Ferdus",
              "bowler": "M Klaas",
              "non_striker": "Nigar Sultana",
              "runs": {
                "batter": 0,
                "extras": 0,
                "total": 0
              }
            },
            {
              "batter": "Jannatul Ferdus",
              "bowler": "M Klaas",
              "non_striker": "Nigar Sultana",
              "runs": {
                "batter": 1,
                "extras": 0,
                "total": 1
              }
            }
          ]
        },
        {
          "over": 14,
          "deliveries": [
            {
              "batter": "Jannatul Ferdus",
              "bowler": "Z Mali",
              "non_striker": "Nigar Sultana",
              "runs": {
                "batter": 0,
                "extras": 0,
                "total": 0
              }
            },
            {
              "batter": "Jannatul Ferdus",
              "bowler": "Z Mali",
              "non_striker": "Nigar Sultana",
              "runs": {
                "batter": 0,
                "extras": 0,
                "total": 0
              }
            },
            {
              "batter": "Jannatul Ferdus",
              "bowler": "Z Mali",
              "non_striker": "Nigar Sultana",
              "runs": {
                "batter": 0,
                "extras": 0,
                "total": 0
              },
              "wickets": [
                {
                  "player_out": "Jannatul Ferdus",
                  "fielders": [
                    {
                      "name": "T Chetty"
                    }
                  ],
                  "kind": "caught"
                }
              ]
            },
            {
              "batter": "Panna Ghosh",
              "bowler": "Z Mali",
              "non_striker": "Nigar Sultana",
              "runs": {
                "batter": 0,
                "extras": 0,
                "total": 0
              }
            },
            {
              "batter": "Panna Ghosh",
              "bowler": "Z Mali",
              "non_striker": "Nigar Sultana",
              "runs": {
                "batter": 0,
                "extras": 0,
                "total": 0
              }
            },
            {
              "batter": "Panna Ghosh",
              "bowler": "Z Mali",
              "non_striker": "Nigar Sultana",
              "runs": {
                "batter": 0,
                "extras": 0,
                "total": 0
              }
            }
          ]
        },
        {
          "over": 15,
          "deliveries": [
            {
              "batter": "Nigar Sultana",
              "bowler": "M Klaas",
              "non_striker": "Panna Ghosh",
              "runs": {
                "batter": 0,
                "extras": 0,
                "total": 0
              }
            },
            {
              "batter": "Nigar Sultana",
              "bowler": "M Klaas",
              "non_striker": "Panna Ghosh",
              "runs": {
                "batter": 0,
                "extras": 0,
                "total": 0
              }
            },
            {
              "batter": "Nigar Sultana",
              "bowler": "M Klaas",
              "non_striker": "Panna Ghosh",
              "runs": {
                "batter": 0,
                "extras": 0,
                "total": 0
              }
            },
            {
              "batter": "Nigar Sultana",
              "bowler": "M Klaas",
              "non_striker": "Panna Ghosh",
              "runs": {
                "batter": 0,
                "extras": 0,
                "total": 0
              }
            },
            {
              "batter": "Nigar Sultana",
              "bowler": "M Klaas",
              "non_striker": "Panna Ghosh",
              "runs": {
                "batter": 0,
                "extras": 0,
                "total": 0
              }
            },
            {
              "batter": "Nigar Sultana",
              "bowler": "M Klaas",
              "non_striker": "Panna Ghosh",
              "runs": {
                "batter": 0,
                "extras": 0,
                "total": 0
              }
            }
          ]
        },
        {
          "over": 16,
          "deliveries": [
            {
              "batter": "Panna Ghosh",
              "bowler": "Z Mali",
              "non_striker": "Nigar Sultana",
              "runs": {
                "batter": 0,
                "extras": 0,
                "total": 0
              }
            },
            {
              "batter": "Panna Ghosh",
              "bowler": "Z Mali",
              "non_striker": "Nigar Sultana",
              "runs": {
                "batter": 0,
                "extras": 0,
                "total": 0
              }
            },
            {
              "batter": "Panna Ghosh",
              "bowler": "Z Mali",
              "non_striker": "Nigar Sultana",
              "runs": {
                "batter": 0,
                "extras": 0,
                "total": 0
              }
            },
            {
              "batter": "Panna Ghosh",
              "bowler": "Z Mali",
              "non_striker": "Nigar Sultana",
              "runs": {
                "batter": 0,
                "extras": 0,
                "total": 0
              }
            },
            {
              "batter": "Panna Ghosh",
              "bowler": "Z Mali",
              "non_striker": "Nigar Sultana",
              "runs": {
                "batter": 0,
                "extras": 0,
                "total": 0
              }
            },
            {
              "batter": "Panna Ghosh",
              "bowler": "Z Mali",
              "non_striker": "Nigar Sultana",
              "runs": {
                "batter": 0,
                "extras": 0,
                "total": 0
              }
            }
          ]
        },
        {
          "over": 17,
          "deliveries": [
            {
              "batter": "Nigar Sultana",
              "bowler": "M Klaas",
              "non_striker": "Panna Ghosh",
              "runs": {
                "batter": 0,
                "extras": 0,
                "total": 0
              }
            },
            {
              "batter": "Nigar Sultana",
              "bowler": "M Klaas",
              "non_striker": "Panna Ghosh",
              "runs": {
                "batter": 0,
                "extras": 0,
                "total": 0
              }
            },
            {
              "batter": "Nigar Sultana",
              "bowler": "M Klaas",
              "non_striker": "Panna Ghosh",
              "runs": {
                "batter": 0,
                "extras": 0,
                "total": 0
              }
            },
            {
              "batter": "Nigar Sultana",
              "bowler": "M Klaas",
              "non_striker": "Panna Ghosh",
              "runs": {
                "batter": 1,
                "extras": 0,
                "total": 1
              }
            },
            {
              "batter": "Panna Ghosh",
              "bowler": "M Klaas",
              "non_striker": "Nigar Sultana",
              "runs": {
                "batter": 0,
                "extras": 0,
                "total": 0
              }
            },
            {
              "batter": "Panna Ghosh",
              "bowler": "M Klaas",
              "non_striker": "Nigar Sultana",
              "runs": {
                "batter": 1,
                "extras": 0,
                "total": 1
              }
            }
          ]
        },
        {
          "over": 18,
          "deliveries": [
            {
              "batter": "Panna Ghosh",
              "bowler": "Z Mali",
              "non_striker": "Nigar Sultana",
              "runs": {
                "batter": 0,
                "extras": 0,
                "total": 0
              }
            },
            {
              "batter": "Panna Ghosh",
              "bowler": "Z Mali",
              "non_striker": "Nigar Sultana",
              "runs": {
                "batter": 1,
                "extras": 0,
                "total": 1
              }
            },
            {
              "batter": "Nigar Sultana",
              "bowler": "Z Mali",
              "non_striker": "Panna Ghosh",
              "runs": {
                "batter": 0,
                "extras": 0,
                "total": 0
              }
            },
            {
              "batter": "Nigar Sultana",
              "bowler": "Z Mali",
              "non_striker": "Panna Ghosh",
              "runs": {
                "batter": 0,
                "extras": 0,
                "total": 0
              }
            },
            {
              "batter": "Nigar Sultana",
              "bowler": "Z Mali",
              "non_striker": "Panna Ghosh",
              "runs": {
                "batter": 0,
                "extras": 0,
                "total": 0
              }
            },
            {
              "batter": "Nigar Sultana",
              "bowler": "Z Mali",
              "non_striker": "Panna Ghosh",
              "runs": {
                "batter": 0,
                "extras": 0,
                "total": 0
              }
            }
          ]
        },
        {
          "over": 19,
          "deliveries": [
            {
              "batter": "Panna Ghosh",
              "bowler": "M Klaas",
              "non_striker": "Nigar Sultana",
              "runs": {
                "batter": 1,
                "extras": 0,
                "total": 1
              }
            },
            {
              "batter": "Nigar Sultana",
              "bowler": "M Klaas",
              "non_striker": "Panna Ghosh",
              "runs": {
                "batter": 0,
                "extras": 0,
                "total": 0
              }
            },
            {
              "batter": "Nigar Sultana",
              "bowler": "M Klaas",
              "non_striker": "Panna Ghosh",
              "runs": {
                "batter": 1,
                "extras": 0,
                "total": 1
              }
            },
            {
              "batter": "Panna Ghosh",
              "bowler": "M Klaas",
              "non_striker": "Nigar Sultana",
              "runs": {
                "batter": 0,
                "extras": 0,
                "total": 0
              }
            },
            {
              "batter": "Panna Ghosh",
              "bowler": "M Klaas",
              "non_striker": "Nigar Sultana",
              "runs": {
                "batter": 0,
                "extras": 0,
                "total": 0
              }
            },
            {
              "batter": "Panna Ghosh",
              "bowler": "M Klaas",
              "non_striker": "Nigar Sultana",
              "runs": {
                "batter": 0,
                "extras": 0,
                "total": 0
              }
            }
          ]
        },
        {
          "over": 20,
          "deliveries": [
            {
              "batter": "Nigar Sultana",
              "bowler": "Z Mali",
              "non_striker": "Panna Ghosh",
              "runs": {
                "batter": 2,
                "extras": 0,
                "total": 2
              }
            },
            {
              "batter": "Nigar Sultana",
              "bowler": "Z Mali",
              "non_striker": "Panna Ghosh",
              "runs": {
                "batter": 0,
                "extras": 0,
                "total": 0
              }
            },
            {
              "batter": "Nigar Sultana",
              "bowler": "Z Mali",
              "non_striker": "Panna Ghosh",
              "runs": {
                "batter": 2,
                "extras": 0,
                "total": 2
              }
            },
            {
              "batter": "Nigar Sultana",
              "bowler": "Z Mali",
              "non_striker": "Panna Ghosh",
              "runs": {
                "batter": 0,
                "extras": 0,
                "total": 0
              }
            },
            {
              "batter": "Nigar Sultana",
              "bowler": "Z Mali",
              "non_striker": "Panna Ghosh",
              "runs": {
                "batter": 0,
                "extras": 0,
                "total": 0
              }
            },
            {
              "batter": "Nigar Sultana",
              "bowler": "Z Mali",
              "non_striker": "Panna Ghosh",
              "runs": {
                "batter": 0,
                "extras": 0,
                "total": 0
              }
            }
          ]
        },
        {
          "over": 21,
          "deliveries": [
            {
              "batter": "Panna Ghosh",
              "bowler": "R Ntozakhe",
              "non_striker": "Nigar Sultana",
              "runs": {
                "batter": 1,
                "extras": 0,
                "total": 1
              }
            },
            {
              "batter": "Nigar Sultana",
              "bowler": "R Ntozakhe",
              "non_striker": "Panna Ghosh",
              "runs": {
                "batter": 1,
                "extras": 0,
                "total": 1
              }
            },
            {
              "batter": "Panna Ghosh",
              "bowler": "R Ntozakhe",
              "non_striker": "Nigar Sultana",
              "runs": {
                "batter": 0,
                "extras": 0,
                "total": 0
              }
            },
            {
              "batter": "Panna Ghosh",
              "bowler": "R Ntozakhe",
              "non_striker": "Nigar Sultana",
              "runs": {
                "batter": 1,
                "extras": 0,
                "total": 1
              }
            },
            {
              "batter": "Nigar Sultana",
              "bowler": "R Ntozakhe",
              "non_striker": "Panna Ghosh",
              "runs": {
                "batter": 0,
                "extras": 0,
                "total": 0
              }
            },
            {
              "batter": "Nigar Sultana",
              "bowler": "R Ntozakhe",
              "non_striker": "Panna Ghosh",
              "runs": {
                "batter": 0,
                "extras": 0,
                "total": 0
              }
            }
          ]
        },
        {
          "over": 22,
          "deliveries": [
            {
              "batter": "Panna Ghosh",
              "bowler": "Z Mali",
              "non_striker": "Nigar Sultana",
              "runs": {
                "batter": 0,
                "extras": 0,
                "total": 0
              }
            },
            {
              "batter": "Panna Ghosh",
              "bowler": "Z Mali",
              "non_striker": "Nigar Sultana",
              "runs": {
                "batter": 0,
                "extras": 0,
                "total": 0
              }
            },
            {
              "batter": "Panna Ghosh",
              "bowler": "Z Mali",
              "non_striker": "Nigar Sultana",
              "runs": {
                "batter": 1,
                "extras": 0,
                "total": 1
              }
            },
            {
              "batter": "Nigar Sultana",
              "bowler": "Z Mali",
              "non_striker": "Panna Ghosh",
              "runs": {
                "batter": 0,
                "extras": 0,
                "total": 0
              }
            },
            {
              "batter": "Nigar Sultana",
              "bowler": "Z Mali",
              "non_striker": "Panna Ghosh",
              "runs": {
                "batter": 0,
                "extras": 0,
                "total": 0
              }
            },
            {
              "batter": "Nigar Sultana",
              "bowler": "Z Mali",
              "non_striker": "Panna Ghosh",
              "runs": {
                "batter": 0,
                "extras": 0,
                "total": 0
              }
            }
          ]
        },
        {
          "over": 23,
          "deliveries": [
            {
              "batter": "Panna Ghosh",
              "bowler": "R Ntozakhe",
              "non_striker": "Nigar Sultana",
              "runs": {
                "batter": 0,
                "extras": 0,
                "total": 0
              }
            },
            {
              "batter": "Panna Ghosh",
              "bowler": "R Ntozakhe",
              "non_striker": "Nigar Sultana",
              "runs": {
                "batter": 0,
                "extras": 0,
                "total": 0
              }
            },
            {
              "batter": "Panna Ghosh",
              "bowler": "R Ntozakhe",
              "non_striker": "Nigar Sultana",
              "runs": {
                "batter": 0,
                "extras": 0,
                "total": 0
              }
            },
            {
              "batter": "Panna Ghosh",
              "bowler": "R Ntozakhe",
              "non_striker": "Nigar Sultana",
              "runs": {
                "batter": 0,
                "extras": 0,
                "total": 0
              }
            },
            {
              "batter": "Panna Ghosh",
              "bowler": "R Ntozakhe",
              "non_striker": "Nigar Sultana",
              "runs": {
                "batter": 0,
                "extras": 0,
                "total": 0
              }
            },
            {
              "batter": "Panna Ghosh",
              "bowler": "R Ntozakhe",
              "non_striker": "Nigar Sultana",
              "runs": {
                "batter": 1,
                "extras": 0,
                "total": 1
              }
            }
          ]
        },
        {
          "over": 24,
          "deliveries": [
            {
              "batter": "Panna Ghosh",
              "bowler": "CL Tryon",
              "non_striker": "Nigar Sultana",
              "runs": {
                "batter": 1,
                "extras": 0,
                "total": 1
              }
            },
            {
              "batter": "Nigar Sultana",
              "bowler": "CL Tryon",
              "non_striker": "Panna Ghosh",
              "runs": {
                "batter": 0,
                "extras": 0,
                "total": 0
              }
            },
            {
              "batter": "Nigar Sultana",
              "bowler": "CL Tryon",
              "non_striker": "Panna Ghosh",
              "runs": {
                "batter": 0,
                "extras": 0,
                "total": 0
              }
            },
            {
              "batter": "Nigar Sultana",
              "bowler": "CL Tryon",
              "non_striker": "Panna Ghosh",
              "runs": {
                "batter": 0,
                "extras": 0,
                "total": 0
              }
            },
            {
              "batter": "Nigar Sultana",
              "bowler": "CL Tryon",
              "non_striker": "Panna Ghosh",
              "runs": {
                "batter": 0,
                "extras": 0,
                "total": 0
              }
            },
            {
              "batter": "Nigar Sultana",
              "bowler": "CL Tryon",
              "non_striker": "Panna Ghosh",
              "runs": {
                "batter": 0,
                "extras": 0,
                "total": 0
              }
            }
          ]
        },
        {
          "over": 25,
          "deliveries": [
            {
              "batter": "Panna Ghosh",
              "bowler": "R Ntozakhe",
              "non_striker": "Nigar Sultana",
              "runs": {
                "batter": 0,
                "extras": 0,
                "total": 0
              }
            },
            {
              "batter": "Panna Ghosh",
              "bowler": "R Ntozakhe",
              "non_striker": "Nigar Sultana",
              "runs": {
                "batter": 0,
                "extras": 0,
                "total": 0
              }
            },
            {
              "batter": "Panna Ghosh",
              "bowler": "R Ntozakhe",
              "non_striker": "Nigar Sultana",
              "runs": {
                "batter": 0,
                "extras": 0,
                "total": 0
              }
            },
            {
              "batter": "Panna Ghosh",
              "bowler": "R Ntozakhe",
              "non_striker": "Nigar Sultana",
              "runs": {
                "batter": 4,
                "extras": 0,
                "total": 4
              }
            },
            {
              "batter": "Panna Ghosh",
              "bowler": "R Ntozakhe",
              "non_striker": "Nigar Sultana",
              "runs": {
                "batter": 0,
                "extras": 0,
                "total": 0
              }
            },
            {
              "batter": "Panna Ghosh",
              "bowler": "R Ntozakhe",
              "non_striker": "Nigar Sultana",
              "runs": {
                "batter": 0,
                "extras": 0,
                "total": 0
              }
            }
          ]
        },
        {
          "over": 26,
          "deliveries": [
            {
              "batter": "Nigar Sultana",
              "bowler": "CL Tryon",
              "non_striker": "Panna Ghosh",
              "runs": {
                "batter": 0,
                "extras": 0,
                "total": 0
              }
            },
            {
              "batter": "Nigar Sultana",
              "bowler": "CL Tryon",
              "non_striker": "Panna Ghosh",
              "runs": {
                "batter": 0,
                "extras": 0,
                "total": 0
              }
            },
            {
              "batter": "Nigar Sultana",
              "bowler": "CL Tryon",
              "non_striker": "Panna Ghosh",
              "runs": {
                "batter": 0,
                "extras": 0,
                "total": 0
              }
            },
            {
              "batter": "Nigar Sultana",
              "bowler": "CL Tryon",
              "non_striker": "Panna Ghosh",
              "runs": {
                "batter": 0,
                "extras": 0,
                "total": 0
              }
            },
            {
              "batter": "Nigar Sultana",
              "bowler": "CL Tryon",
              "non_striker": "Panna Ghosh",
              "runs": {
                "batter": 0,
                "extras": 0,
                "total": 0
              }
            },
            {
              "batter": "Nigar Sultana",
              "bowler": "CL Tryon",
              "non_striker": "Panna Ghosh",
              "runs": {
                "batter": 4,
                "extras": 0,
                "total": 4
              }
            }
          ]
        },
        {
          "over": 27,
          "deliveries": [
            {
              "batter": "Panna Ghosh",
              "bowler": "R Ntozakhe",
              "non_striker": "Nigar Sultana",
              "runs": {
                "batter": 0,
                "extras": 0,
                "total": 0
              }
            },
            {
              "batter": "Panna Ghosh",
              "bowler": "R Ntozakhe",
              "non_striker": "Nigar Sultana",
              "runs": {
                "batter": 0,
                "extras": 0,
                "total": 0
              }
            },
            {
              "batter": "Panna Ghosh",
              "bowler": "R Ntozakhe",
              "non_striker": "Nigar Sultana",
              "runs": {
                "batter": 0,
                "extras": 0,
                "total": 0
              }
            },
            {
              "batter": "Panna Ghosh",
              "bowler": "R Ntozakhe",
              "non_striker": "Nigar Sultana",
              "runs": {
                "batter": 0,
                "extras": 0,
                "total": 0
              }
            },
            {
              "batter": "Panna Ghosh",
              "bowler": "R Ntozakhe",
              "non_striker": "Nigar Sultana",
              "runs": {
                "batter": 0,
                "extras": 0,
                "total": 0
              },
              "wickets": [
                {
                  "player_out": "Panna Ghosh",
                  "fielders": [
                    {
                      "name": "M du Preez"
                    }
                  ],
                  "kind": "caught"
                }
              ]
            },
            {
              "batter": "Nigar Sultana",
              "bowler": "R Ntozakhe",
              "non_striker": "Jahanara Alam",
              "runs": {
                "batter": 0,
                "extras": 0,
                "total": 0
              }
            }
          ]
        },
        {
          "over": 28,
          "deliveries": [
            {
              "batter": "Jahanara Alam",
              "bowler": "CL Tryon",
              "non_striker": "Nigar Sultana",
              "runs": {
                "batter": 2,
                "extras": 0,
                "total": 2
              }
            },
            {
              "batter": "Jahanara Alam",
              "bowler": "CL Tryon",
              "non_striker": "Nigar Sultana",
              "runs": {
                "batter": 0,
                "extras": 0,
                "total": 0
              }
            },
            {
              "batter": "Jahanara Alam",
              "bowler": "CL Tryon",
              "non_striker": "Nigar Sultana",
              "runs": {
                "batter": 0,
                "extras": 0,
                "total": 0
              }
            },
            {
              "batter": "Jahanara Alam",
              "bowler": "CL Tryon",
              "non_striker": "Nigar Sultana",
              "runs": {
                "batter": 0,
                "extras": 0,
                "total": 0
              }
            },
            {
              "batter": "Jahanara Alam",
              "bowler": "CL Tryon",
              "non_striker": "Nigar Sultana",
              "runs": {
                "batter": 0,
                "extras": 0,
                "total": 0
              }
            },
            {
              "batter": "Jahanara Alam",
              "bowler": "CL Tryon",
              "non_striker": "Nigar Sultana",
              "runs": {
                "batter": 0,
                "extras": 0,
                "total": 0
              }
            }
          ]
        },
        {
          "over": 29,
          "deliveries": [
            {
              "batter": "Nigar Sultana",
              "bowler": "R Ntozakhe",
              "non_striker": "Jahanara Alam",
              "runs": {
                "batter": 0,
                "extras": 0,
                "total": 0
              }
            },
            {
              "batter": "Nigar Sultana",
              "bowler": "R Ntozakhe",
              "non_striker": "Jahanara Alam",
              "runs": {
                "batter": 0,
                "extras": 0,
                "total": 0
              }
            },
            {
              "batter": "Nigar Sultana",
              "bowler": "R Ntozakhe",
              "non_striker": "Jahanara Alam",
              "runs": {
                "batter": 1,
                "extras": 0,
                "total": 1
              }
            },
            {
              "batter": "Jahanara Alam",
              "bowler": "R Ntozakhe",
              "non_striker": "Nigar Sultana",
              "runs": {
                "batter": 0,
                "extras": 0,
                "total": 0
              }
            },
            {
              "batter": "Jahanara Alam",
              "bowler": "R Ntozakhe",
              "non_striker": "Nigar Sultana",
              "runs": {
                "batter": 1,
                "extras": 0,
                "total": 1
              }
            },
            {
              "batter": "Nigar Sultana",
              "bowler": "R Ntozakhe",
              "non_striker": "Jahanara Alam",
              "runs": {
                "batter": 0,
                "extras": 0,
                "total": 0
              }
            }
          ]
        },
        {
          "over": 30,
          "deliveries": [
            {
              "batter": "Jahanara Alam",
              "bowler": "CL Tryon",
              "extras": {
                "wides": 1
              },
              "non_striker": "Nigar Sultana",
              "runs": {
                "batter": 0,
                "extras": 1,
                "total": 1
              }
            },
            {
              "batter": "Jahanara Alam",
              "bowler": "CL Tryon",
              "non_striker": "Nigar Sultana",
              "runs": {
                "batter": 0,
                "extras": 0,
                "total": 0
              }
            },
            {
              "batter": "Jahanara Alam",
              "bowler": "CL Tryon",
              "non_striker": "Nigar Sultana",
              "runs": {
                "batter": 0,
                "extras": 0,
                "total": 0
              }
            },
            {
              "batter": "Jahanara Alam",
              "bowler": "CL Tryon",
              "non_striker": "Nigar Sultana",
              "runs": {
                "batter": 0,
                "extras": 0,
                "total": 0
              }
            },
            {
              "batter": "Jahanara Alam",
              "bowler": "CL Tryon",
              "non_striker": "Nigar Sultana",
              "runs": {
                "batter": 0,
                "extras": 0,
                "total": 0
              }
            },
            {
              "batter": "Jahanara Alam",
              "bowler": "CL Tryon",
              "non_striker": "Nigar Sultana",
              "runs": {
                "batter": 1,
                "extras": 0,
                "total": 1
              }
            },
            {
              "batter": "Nigar Sultana",
              "bowler": "CL Tryon",
              "non_striker": "Jahanara Alam",
              "runs": {
                "batter": 0,
                "extras": 0,
                "total": 0
              }
            }
          ]
        },
        {
          "over": 31,
          "deliveries": [
            {
              "batter": "Jahanara Alam",
              "bowler": "D van Niekerk",
              "non_striker": "Nigar Sultana",
              "runs": {
                "batter": 0,
                "extras": 0,
                "total": 0
              }
            },
            {
              "batter": "Jahanara Alam",
              "bowler": "D van Niekerk",
              "non_striker": "Nigar Sultana",
              "runs": {
                "batter": 0,
                "extras": 0,
                "total": 0
              }
            },
            {
              "batter": "Jahanara Alam",
              "bowler": "D van Niekerk",
              "non_striker": "Nigar Sultana",
              "runs": {
                "batter": 0,
                "extras": 0,
                "total": 0
              }
            },
            {
              "batter": "Jahanara Alam",
              "bowler": "D van Niekerk",
              "non_striker": "Nigar Sultana",
              "runs": {
                "batter": 0,
                "extras": 0,
                "total": 0
              }
            },
            {
              "batter": "Jahanara Alam",
              "bowler": "D van Niekerk",
              "non_striker": "Nigar Sultana",
              "runs": {
                "batter": 0,
                "extras": 0,
                "total": 0
              }
            },
            {
              "batter": "Jahanara Alam",
              "bowler": "D van Niekerk",
              "non_striker": "Nigar Sultana",
              "runs": {
                "batter": 0,
                "extras": 0,
                "total": 0
              }
            }
          ]
        },
        {
          "over": 32,
          "deliveries": [
            {
              "batter": "Nigar Sultana",
              "bowler": "CL Tryon",
              "non_striker": "Jahanara Alam",
              "runs": {
                "batter": 0,
                "extras": 0,
                "total": 0
              }
            },
            {
              "batter": "Nigar Sultana",
              "bowler": "CL Tryon",
              "extras": {
                "wides": 1
              },
              "non_striker": "Jahanara Alam",
              "runs": {
                "batter": 0,
                "extras": 1,
                "total": 1
              }
            },
            {
              "batter": "Nigar Sultana",
              "bowler": "CL Tryon",
              "non_striker": "Jahanara Alam",
              "runs": {
                "batter": 1,
                "extras": 0,
                "total": 1
              }
            },
            {
              "batter": "Jahanara Alam",
              "bowler": "CL Tryon",
              "non_striker": "Nigar Sultana",
              "runs": {
                "batter": 0,
                "extras": 0,
                "total": 0
              },
              "wickets": [
                {
                  "player_out": "Jahanara Alam",
                  "fielders": [
                    {
                      "name": "M du Preez"
                    }
                  ],
                  "kind": "caught"
                }
              ]
            },
            {
              "batter": "Nigar Sultana",
              "bowler": "CL Tryon",
              "non_striker": "Nahida Akter",
              "runs": {
                "batter": 0,
                "extras": 0,
                "total": 0
              }
            },
            {
              "batter": "Nigar Sultana",
              "bowler": "CL Tryon",
              "non_striker": "Nahida Akter",
              "runs": {
                "batter": 0,
                "extras": 0,
                "total": 0
              }
            },
            {
              "batter": "Nigar Sultana",
              "bowler": "CL Tryon",
              "extras": {
                "wides": 1
              },
              "non_striker": "Nahida Akter",
              "runs": {
                "batter": 0,
                "extras": 1,
                "total": 1
              }
            },
            {
              "batter": "Nigar Sultana",
              "bowler": "CL Tryon",
              "non_striker": "Nahida Akter",
              "runs": {
                "batter": 0,
                "extras": 0,
                "total": 0
              },
              "wickets": [
                {
                  "player_out": "Nahida Akter",
                  "kind": "run out"
                }
              ]
            }
          ]
        },
        {
          "over": 33,
          "deliveries": [
            {
              "batter": "Nigar Sultana",
              "bowler": "D van Niekerk",
              "non_striker": "Khadija Tul Kubra",
              "runs": {
                "batter": 0,
                "extras": 0,
                "total": 0
              }
            },
            {
              "batter": "Nigar Sultana",
              "bowler": "D van Niekerk",
              "non_striker": "Khadija Tul Kubra",
              "runs": {
                "batter": 2,
                "extras": 0,
                "total": 2
              }
            },
            {
              "batter": "Nigar Sultana",
              "bowler": "D van Niekerk",
              "non_striker": "Khadija Tul Kubra",
              "runs": {
                "batter": 1,
                "extras": 0,
                "total": 1
              }
            },
            {
              "batter": "Khadija Tul Kubra",
              "bowler": "D van Niekerk",
              "non_striker": "Nigar Sultana",
              "runs": {
                "batter": 0,
                "extras": 0,
                "total": 0
              }
            },
            {
              "batter": "Khadija Tul Kubra",
              "bowler": "D van Niekerk",
              "non_striker": "Nigar Sultana",
              "runs": {
                "batter": 1,
                "extras": 0,
                "total": 1
              }
            },
            {
              "batter": "Nigar Sultana",
              "bowler": "D van Niekerk",
              "non_striker": "Khadija Tul Kubra",
              "runs": {
                "batter": 1,
                "extras": 0,
                "total": 1
              }
            }
          ]
        },
        {
          "over": 34,
          "deliveries": [
            {
              "batter": "Nigar Sultana",
              "bowler": "A Khaka",
              "non_striker": "Khadija Tul Kubra",
              "runs": {
                "batter": 2,
                "extras": 0,
                "total": 2
              }
            },
            {
              "batter": "Nigar Sultana",
              "bowler": "A Khaka",
              "non_striker": "Khadija Tul Kubra",
              "runs": {
                "batter": 0,
                "extras": 0,
                "total": 0
              }
            },
            {
              "batter": "Nigar Sultana",
              "bowler": "A Khaka",
              "non_striker": "Khadija Tul Kubra",
              "runs": {
                "batter": 0,
                "extras": 0,
                "total": 0
              }
            },
            {
              "batter": "Nigar Sultana",
              "bowler": "A Khaka",
              "non_striker": "Khadija Tul Kubra",
              "runs": {
                "batter": 0,
                "extras": 0,
                "total": 0
              }
            },
            {
              "batter": "Nigar Sultana",
              "bowler": "A Khaka",
              "non_striker": "Khadija Tul Kubra",
              "runs": {
                "batter": 0,
                "extras": 0,
                "total": 0
              }
            },
            {
              "batter": "Nigar Sultana",
              "bowler": "A Khaka",
              "non_striker": "Khadija Tul Kubra",
              "runs": {
                "batter": 4,
                "extras": 0,
                "total": 4
              }
            }
          ]
        },
        {
          "over": 35,
          "deliveries": [
            {
              "batter": "Khadija Tul Kubra",
              "bowler": "D van Niekerk",
              "non_striker": "Nigar Sultana",
              "runs": {
                "batter": 0,
                "extras": 0,
                "total": 0
              }
            },
            {
              "batter": "Khadija Tul Kubra",
              "bowler": "D van Niekerk",
              "non_striker": "Nigar Sultana",
              "runs": {
                "batter": 0,
                "extras": 0,
                "total": 0
              }
            },
            {
              "batter": "Khadija Tul Kubra",
              "bowler": "D van Niekerk",
              "non_striker": "Nigar Sultana",
              "runs": {
                "batter": 1,
                "extras": 0,
                "total": 1
              }
            },
            {
              "batter": "Nigar Sultana",
              "bowler": "D van Niekerk",
              "non_striker": "Khadija Tul Kubra",
              "runs": {
                "batter": 0,
                "extras": 0,
                "total": 0
              }
            },
            {
              "batter": "Nigar Sultana",
              "bowler": "D van Niekerk",
              "non_striker": "Khadija Tul Kubra",
              "runs": {
                "batter": 0,
                "extras": 0,
                "total": 0
              }
            },
            {
              "batter": "Nigar Sultana",
              "bowler": "D van Niekerk",
              "non_striker": "Khadija Tul Kubra",
              "runs": {
                "batter": 0,
                "extras": 0,
                "total": 0
              }
            }
          ]
        },
        {
          "over": 36,
          "deliveries": [
            {
              "batter": "Khadija Tul Kubra",
              "bowler": "A Khaka",
              "non_striker": "Nigar Sultana",
              "runs": {
                "batter": 0,
                "extras": 0,
                "total": 0
              }
            },
            {
              "batter": "Khadija Tul Kubra",
              "bowler": "A Khaka",
              "non_striker": "Nigar Sultana",
              "runs": {
                "batter": 0,
                "extras": 0,
                "total": 0
              }
            },
            {
              "batter": "Khadija Tul Kubra",
              "bowler": "A Khaka",
              "non_striker": "Nigar Sultana",
              "runs": {
                "batter": 0,
                "extras": 0,
                "total": 0
              }
            },
            {
              "batter": "Khadija Tul Kubra",
              "bowler": "A Khaka",
              "extras": {
                "wides": 1
              },
              "non_striker": "Nigar Sultana",
              "runs": {
                "batter": 0,
                "extras": 1,
                "total": 1
              }
            },
            {
              "batter": "Khadija Tul Kubra",
              "bowler": "A Khaka",
              "non_striker": "Nigar Sultana",
              "runs": {
                "batter": 0,
                "extras": 0,
                "total": 0
              }
            },
            {
              "batter": "Khadija Tul Kubra",
              "bowler": "A Khaka",
              "non_striker": "Nigar Sultana",
              "runs": {
                "batter": 0,
                "extras": 0,
                "total": 0
              },
              "wickets": [
                {
                  "player_out": "Khadija Tul Kubra",
                  "kind": "lbw"
                }
              ]
            }
          ]
        }
      ],
      "powerplays": [
        {
          "from": 0.1,
          "to": 9.6,
          "type": "mandatory"
        }
      ]
    },
    {
      "team": "South Africa",
      "overs": [
        {
          "over": 0,
          "deliveries": [
            {
              "batter": "L Lee",
              "bowler": "Jahanara Alam",
              "non_striker": "A Steyn",
              "runs": {
                "batter": 4,
                "extras": 0,
                "total": 4
              }
            },
            {
              "batter": "L Lee",
              "bowler": "Jahanara Alam",
              "non_striker": "A Steyn",
              "runs": {
                "batter": 0,
                "extras": 0,
                "total": 0
              }
            },
            {
              "batter": "L Lee",
              "bowler": "Jahanara Alam",
              "non_striker": "A Steyn",
              "runs": {
                "batter": 1,
                "extras": 0,
                "total": 1
              }
            },
            {
              "batter": "A Steyn",
              "bowler": "Jahanara Alam",
              "non_striker": "L Lee",
              "runs": {
                "batter": 0,
                "extras": 0,
                "total": 0
              }
            },
            {
              "batter": "A Steyn",
              "bowler": "Jahanara Alam",
              "non_striker": "L Lee",
              "runs": {
                "batter": 0,
                "extras": 0,
                "total": 0
              }
            },
            {
              "batter": "A Steyn",
              "bowler": "Jahanara Alam",
              "non_striker": "L Lee",
              "runs": {
                "batter": 0,
                "extras": 0,
                "total": 0
              }
            }
          ]
        },
        {
          "over": 1,
          "deliveries": [
            {
              "batter": "L Lee",
              "bowler": "Panna Ghosh",
              "non_striker": "A Steyn",
              "runs": {
                "batter": 1,
                "extras": 0,
                "total": 1
              }
            },
            {
              "batter": "A Steyn",
              "bowler": "Panna Ghosh",
              "non_striker": "L Lee",
              "runs": {
                "batter": 3,
                "extras": 0,
                "total": 3
              }
            },
            {
              "batter": "L Lee",
              "bowler": "Panna Ghosh",
              "non_striker": "A Steyn",
              "runs": {
                "batter": 0,
                "extras": 0,
                "total": 0
              }
            },
            {
              "batter": "L Lee",
              "bowler": "Panna Ghosh",
              "non_striker": "A Steyn",
              "runs": {
                "batter": 4,
                "extras": 0,
                "total": 4
              }
            },
            {
              "batter": "L Lee",
              "bowler": "Panna Ghosh",
              "non_striker": "A Steyn",
              "runs": {
                "batter": 0,
                "extras": 0,
                "total": 0
              }
            },
            {
              "batter": "L Lee",
              "bowler": "Panna Ghosh",
              "non_striker": "A Steyn",
              "runs": {
                "batter": 1,
                "extras": 0,
                "total": 1
              }
            }
          ]
        },
        {
          "over": 2,
          "deliveries": [
            {
              "batter": "L Lee",
              "bowler": "Jahanara Alam",
              "non_striker": "A Steyn",
              "runs": {
                "batter": 0,
                "extras": 0,
                "total": 0
              }
            },
            {
              "batter": "L Lee",
              "bowler": "Jahanara Alam",
              "non_striker": "A Steyn",
              "runs": {
                "batter": 0,
                "extras": 0,
                "total": 0
              }
            },
            {
              "batter": "L Lee",
              "bowler": "Jahanara Alam",
              "non_striker": "A Steyn",
              "runs": {
                "batter": 0,
                "extras": 0,
                "total": 0
              }
            },
            {
              "batter": "L Lee",
              "bowler": "Jahanara Alam",
              "non_striker": "A Steyn",
              "runs": {
                "batter": 2,
                "extras": 0,
                "total": 2
              }
            },
            {
              "batter": "L Lee",
              "bowler": "Jahanara Alam",
              "non_striker": "A Steyn",
              "runs": {
                "batter": 0,
                "extras": 0,
                "total": 0
              }
            },
            {
              "batter": "L Lee",
              "bowler": "Jahanara Alam",
              "non_striker": "A Steyn",
              "runs": {
                "batter": 1,
                "extras": 0,
                "total": 1
              }
            }
          ]
        },
        {
          "over": 3,
          "deliveries": [
            {
              "batter": "L Lee",
              "bowler": "Panna Ghosh",
              "non_striker": "A Steyn",
              "runs": {
                "batter": 0,
                "extras": 0,
                "total": 0
              }
            },
            {
              "batter": "L Lee",
              "bowler": "Panna Ghosh",
              "non_striker": "A Steyn",
              "runs": {
                "batter": 0,
                "extras": 0,
                "total": 0
              }
            },
            {
              "batter": "L Lee",
              "bowler": "Panna Ghosh",
              "non_striker": "A Steyn",
              "runs": {
                "batter": 0,
                "extras": 0,
                "total": 0
              }
            },
            {
              "batter": "L Lee",
              "bowler": "Panna Ghosh",
              "non_striker": "A Steyn",
              "runs": {
                "batter": 0,
                "extras": 0,
                "total": 0
              }
            },
            {
              "batter": "L Lee",
              "bowler": "Panna Ghosh",
              "non_striker": "A Steyn",
              "runs": {
                "batter": 0,
                "extras": 0,
                "total": 0
              }
            },
            {
              "batter": "L Lee",
              "bowler": "Panna Ghosh",
              "non_striker": "A Steyn",
              "runs": {
                "batter": 2,
                "extras": 0,
                "total": 2
              }
            }
          ]
        },
        {
          "over": 4,
          "deliveries": [
            {
              "batter": "A Steyn",
              "bowler": "Jahanara Alam",
              "non_striker": "L Lee",
              "runs": {
                "batter": 2,
                "extras": 0,
                "total": 2
              }
            },
            {
              "batter": "A Steyn",
              "bowler": "Jahanara Alam",
              "non_striker": "L Lee",
              "runs": {
                "batter": 0,
                "extras": 0,
                "total": 0
              }
            },
            {
              "batter": "A Steyn",
              "bowler": "Jahanara Alam",
              "non_striker": "L Lee",
              "runs": {
                "batter": 0,
                "extras": 0,
                "total": 0
              }
            },
            {
              "batter": "A Steyn",
              "bowler": "Jahanara Alam",
              "non_striker": "L Lee",
              "runs": {
                "batter": 3,
                "extras": 0,
                "total": 3
              }
            },
            {
              "batter": "L Lee",
              "bowler": "Jahanara Alam",
              "non_striker": "A Steyn",
              "runs": {
                "batter": 0,
                "extras": 0,
                "total": 0
              }
            },
            {
              "batter": "L Lee",
              "bowler": "Jahanara Alam",
              "non_striker": "A Steyn",
              "runs": {
                "batter": 0,
                "extras": 0,
                "total": 0
              }
            }
          ]
        },
        {
          "over": 5,
          "deliveries": [
            {
              "batter": "A Steyn",
              "bowler": "Khadija Tul Kubra",
              "non_striker": "L Lee",
              "runs": {
                "batter": 0,
                "extras": 0,
                "total": 0
              }
            },
            {
              "batter": "A Steyn",
              "bowler": "Khadija Tul Kubra",
              "non_striker": "L Lee",
              "runs": {
                "batter": 1,
                "extras": 0,
                "total": 1
              }
            },
            {
              "batter": "L Lee",
              "bowler": "Khadija Tul Kubra",
              "non_striker": "A Steyn",
              "runs": {
                "batter": 0,
                "extras": 0,
                "total": 0
              }
            },
            {
              "batter": "L Lee",
              "bowler": "Khadija Tul Kubra",
              "non_striker": "A Steyn",
              "runs": {
                "batter": 0,
                "extras": 0,
                "total": 0
              }
            },
            {
              "batter": "L Lee",
              "bowler": "Khadija Tul Kubra",
              "non_striker": "A Steyn",
              "runs": {
                "batter": 1,
                "extras": 0,
                "total": 1
              }
            },
            {
              "batter": "A Steyn",
              "bowler": "Khadija Tul Kubra",
              "non_striker": "L Lee",
              "runs": {
                "batter": 1,
                "extras": 0,
                "total": 1
              }
            }
          ]
        },
        {
          "over": 6,
          "deliveries": [
            {
              "batter": "A Steyn",
              "bowler": "Nahida Akter",
              "non_striker": "L Lee",
              "runs": {
                "batter": 0,
                "extras": 0,
                "total": 0
              }
            },
            {
              "batter": "A Steyn",
              "bowler": "Nahida Akter",
              "non_striker": "L Lee",
              "runs": {
                "batter": 2,
                "extras": 0,
                "total": 2
              }
            },
            {
              "batter": "A Steyn",
              "bowler": "Nahida Akter",
              "non_striker": "L Lee",
              "runs": {
                "batter": 0,
                "extras": 0,
                "total": 0
              }
            },
            {
              "batter": "A Steyn",
              "bowler": "Nahida Akter",
              "non_striker": "L Lee",
              "runs": {
                "batter": 0,
                "extras": 0,
                "total": 0
              },
              "wickets": [
                {
                  "player_out": "A Steyn",
                  "fielders": [
                    {
                      "name": "Nigar Sultana"
                    }
                  ],
                  "kind": "caught"
                }
              ]
            },
            {
              "batter": "T Chetty",
              "bowler": "Nahida Akter",
              "non_striker": "L Lee",
              "runs": {
                "batter": 0,
                "extras": 0,
                "total": 0
              }
            },
            {
              "batter": "T Chetty",
              "bowler": "Nahida Akter",
              "non_striker": "L Lee",
              "runs": {
                "batter": 0,
                "extras": 0,
                "total": 0
              }
            }
          ]
        },
        {
          "over": 7,
          "deliveries": [
            {
              "batter": "L Lee",
              "bowler": "Khadija Tul Kubra",
              "non_striker": "T Chetty",
              "runs": {
                "batter": 0,
                "extras": 0,
                "total": 0
              }
            },
            {
              "batter": "L Lee",
              "bowler": "Khadija Tul Kubra",
              "non_striker": "T Chetty",
              "runs": {
                "batter": 0,
                "extras": 0,
                "total": 0
              }
            },
            {
              "batter": "L Lee",
              "bowler": "Khadija Tul Kubra",
              "non_striker": "T Chetty",
              "runs": {
                "batter": 1,
                "extras": 0,
                "total": 1
              }
            },
            {
              "batter": "T Chetty",
              "bowler": "Khadija Tul Kubra",
              "extras": {
                "byes": 1
              },
              "non_striker": "L Lee",
              "runs": {
                "batter": 0,
                "extras": 1,
                "total": 1
              }
            },
            {
              "batter": "L Lee",
              "bowler": "Khadija Tul Kubra",
              "non_striker": "T Chetty",
              "runs": {
                "batter": 0,
                "extras": 0,
                "total": 0
              }
            },
            {
              "batter": "L Lee",
              "bowler": "Khadija Tul Kubra",
              "non_striker": "T Chetty",
              "runs": {
                "batter": 6,
                "extras": 0,
                "total": 6
              }
            }
          ]
        },
        {
          "over": 8,
          "deliveries": [
            {
              "batter": "T Chetty",
              "bowler": "Nahida Akter",
              "non_striker": "L Lee",
              "runs": {
                "batter": 0,
                "extras": 0,
                "total": 0
              }
            },
            {
              "batter": "T Chetty",
              "bowler": "Nahida Akter",
              "non_striker": "L Lee",
              "runs": {
                "batter": 4,
                "extras": 0,
                "total": 4
              }
            },
            {
              "batter": "T Chetty",
              "bowler": "Nahida Akter",
              "non_striker": "L Lee",
              "runs": {
                "batter": 1,
                "extras": 0,
                "total": 1
              }
            },
            {
              "batter": "L Lee",
              "bowler": "Nahida Akter",
              "non_striker": "T Chetty",
              "runs": {
                "batter": 0,
                "extras": 0,
                "total": 0
              }
            },
            {
              "batter": "L Lee",
              "bowler": "Nahida Akter",
              "non_striker": "T Chetty",
              "runs": {
                "batter": 0,
                "extras": 0,
                "total": 0
              }
            },
            {
              "batter": "L Lee",
              "bowler": "Nahida Akter",
              "non_striker": "T Chetty",
              "runs": {
                "batter": 0,
                "extras": 0,
                "total": 0
              }
            }
          ]
        },
        {
          "over": 9,
          "deliveries": [
            {
              "batter": "T Chetty",
              "bowler": "Rumana Ahmed",
              "non_striker": "L Lee",
              "runs": {
                "batter": 4,
                "extras": 0,
                "total": 4
              }
            },
            {
              "batter": "T Chetty",
              "bowler": "Rumana Ahmed",
              "non_striker": "L Lee",
              "runs": {
                "batter": 0,
                "extras": 0,
                "total": 0
              }
            },
            {
              "batter": "T Chetty",
              "bowler": "Rumana Ahmed",
              "non_striker": "L Lee",
              "runs": {
                "batter": 1,
                "extras": 0,
                "total": 1
              }
            },
            {
              "batter": "L Lee",
              "bowler": "Rumana Ahmed",
              "non_striker": "T Chetty",
              "runs": {
                "batter": 0,
                "extras": 0,
                "total": 0
              }
            },
            {
              "batter": "L Lee",
              "bowler": "Rumana Ahmed",
              "non_striker": "T Chetty",
              "runs": {
                "batter": 0,
                "extras": 0,
                "total": 0
              }
            },
            {
              "batter": "L Lee",
              "bowler": "Rumana Ahmed",
              "non_striker": "T Chetty",
              "runs": {
                "batter": 0,
                "extras": 0,
                "total": 0
              }
            }
          ]
        },
        {
          "over": 10,
          "deliveries": [
            {
              "batter": "T Chetty",
              "bowler": "Nahida Akter",
              "non_striker": "L Lee",
              "runs": {
                "batter": 0,
                "extras": 0,
                "total": 0
              }
            },
            {
              "batter": "T Chetty",
              "bowler": "Nahida Akter",
              "non_striker": "L Lee",
              "runs": {
                "batter": 1,
                "extras": 0,
                "total": 1
              }
            },
            {
              "batter": "L Lee",
              "bowler": "Nahida Akter",
              "non_striker": "T Chetty",
              "runs": {
                "batter": 1,
                "extras": 0,
                "total": 1
              }
            },
            {
              "batter": "T Chetty",
              "bowler": "Nahida Akter",
              "non_striker": "L Lee",
              "runs": {
                "batter": 0,
                "extras": 0,
                "total": 0
              }
            },
            {
              "batter": "T Chetty",
              "bowler": "Nahida Akter",
              "non_striker": "L Lee",
              "runs": {
                "batter": 3,
                "extras": 0,
                "total": 3
              }
            },
            {
              "batter": "L Lee",
              "bowler": "Nahida Akter",
              "non_striker": "T Chetty",
              "runs": {
                "batter": 1,
                "extras": 0,
                "total": 1
              }
            }
          ]
        },
        {
          "over": 11,
          "deliveries": [
            {
              "batter": "L Lee",
              "bowler": "Rumana Ahmed",
              "non_striker": "T Chetty",
              "runs": {
                "batter": 0,
                "extras": 0,
                "total": 0
              }
            },
            {
              "batter": "L Lee",
              "bowler": "Rumana Ahmed",
              "non_striker": "T Chetty",
              "runs": {
                "batter": 4,
                "extras": 0,
                "total": 4
              }
            },
            {
              "batter": "L Lee",
              "bowler": "Rumana Ahmed",
              "non_striker": "T Chetty",
              "runs": {
                "batter": 0,
                "extras": 0,
                "total": 0
              }
            },
            {
              "batter": "L Lee",
              "bowler": "Rumana Ahmed",
              "non_striker": "T Chetty",
              "runs": {
                "batter": 4,
                "extras": 0,
                "total": 4
              }
            },
            {
              "batter": "L Lee",
              "bowler": "Rumana Ahmed",
              "non_striker": "T Chetty",
              "runs": {
                "batter": 2,
                "extras": 0,
                "total": 2
              }
            },
            {
              "batter": "L Lee",
              "bowler": "Rumana Ahmed",
              "non_striker": "T Chetty",
              "runs": {
                "batter": 2,
                "extras": 0,
                "total": 2
              }
            }
          ]
        },
        {
          "over": 12,
          "deliveries": [
            {
              "batter": "T Chetty",
              "bowler": "Nahida Akter",
              "non_striker": "L Lee",
              "runs": {
                "batter": 1,
                "extras": 0,
                "total": 1
              }
            },
            {
              "batter": "L Lee",
              "bowler": "Nahida Akter",
              "non_striker": "T Chetty",
              "runs": {
                "batter": 0,
                "extras": 0,
                "total": 0
              }
            },
            {
              "batter": "L Lee",
              "bowler": "Nahida Akter",
              "non_striker": "T Chetty",
              "runs": {
                "batter": 0,
                "extras": 0,
                "total": 0
              }
            },
            {
              "batter": "L Lee",
              "bowler": "Nahida Akter",
              "non_striker": "T Chetty",
              "runs": {
                "batter": 0,
                "extras": 0,
                "total": 0
              }
            },
            {
              "batter": "L Lee",
              "bowler": "Nahida Akter",
              "non_striker": "T Chetty",
              "runs": {
                "batter": 1,
                "extras": 0,
                "total": 1
              }
            },
            {
              "batter": "T Chetty",
              "bowler": "Nahida Akter",
              "non_striker": "L Lee",
              "runs": {
                "batter": 0,
                "extras": 0,
                "total": 0
              }
            }
          ]
        },
        {
          "over": 13,
          "deliveries": [
            {
              "batter": "L Lee",
              "bowler": "Khadija Tul Kubra",
              "non_striker": "T Chetty",
              "runs": {
                "batter": 1,
                "extras": 0,
                "total": 1
              }
            },
            {
              "batter": "T Chetty",
              "bowler": "Khadija Tul Kubra",
              "non_striker": "L Lee",
              "runs": {
                "batter": 0,
                "extras": 0,
                "total": 0
              }
            },
            {
              "batter": "T Chetty",
              "bowler": "Khadija Tul Kubra",
              "non_striker": "L Lee",
              "runs": {
                "batter": 0,
                "extras": 0,
                "total": 0
              }
            },
            {
              "batter": "T Chetty",
              "bowler": "Khadija Tul Kubra",
              "non_striker": "L Lee",
              "runs": {
                "batter": 0,
                "extras": 0,
                "total": 0
              }
            },
            {
              "batter": "T Chetty",
              "bowler": "Khadija Tul Kubra",
              "non_striker": "L Lee",
              "runs": {
                "batter": 0,
                "extras": 0,
                "total": 0
              }
            },
            {
              "batter": "T Chetty",
              "bowler": "Khadija Tul Kubra",
              "non_striker": "L Lee",
              "runs": {
                "batter": 0,
                "extras": 0,
                "total": 0
              }
            }
          ]
        },
        {
          "over": 14,
          "deliveries": [
            {
              "batter": "L Lee",
              "bowler": "Nahida Akter",
              "non_striker": "T Chetty",
              "runs": {
                "batter": 0,
                "extras": 0,
                "total": 0
              }
            },
            {
              "batter": "L Lee",
              "bowler": "Nahida Akter",
              "non_striker": "T Chetty",
              "runs": {
                "batter": 4,
                "extras": 0,
                "total": 4
              }
            }
          ]
        }
      ],
      "powerplays": [
        {
          "from": 0.1,
          "to": 9.6,
          "type": "mandatory"
        }
      ],
      "target": {
        "overs": 50,
        "runs": 72
      }
    }
  ]
}